Alexandre,"Da Silva",Toulouse,France,2019,JavaScript
Mathilde,Descamps,Toulouse,France,2019,JavaScript
Céline,Fabre,Toulouse,France,2019,JavaScript
Raymond,Bouvet,Toulouse,France,2019,JavaScript
Danielle,Lecomte,Toulouse,France,2019,JavaScript
Noël,Noel,Toulouse,France,2019,JavaScript
Danielle,Perrin,Toulouse,France,2019,JavaScript
Éric,Meunier,Toulouse,France,2019,JavaScript
Claude,Samson,Toulouse,France,2019,JavaScript
Vincent,Sanchez,Biarritz,France,2019,JavaScript
Yves,Marie,Biarritz,France,2019,JavaScript
Alphonse,Leleu,Biarritz,France,2019,JavaScript
Laurence,Lemaire,Biarritz,France,2019,JavaScript
Marcel,Olivier,Biarritz,France,2019,JavaScript
Victor,Lopez,Biarritz,France,2019,JavaScript
Michel,David,Biarritz,France,2019,JavaScript
Théodore,Bousquet,Biarritz,France,2019,JavaScript
Andrée,Berthelot,Biarritz,France,2019,JavaScript
Léon,Jacquet,Biarritz,France,2019,JavaScript
Laetitia,Schneider,Biarritz,France,2019,JavaScript
Thérèse,Guyot,Biarritz,France,2019,JavaScript
